old	action	new
fb883c30675fda92eefc97d60238c6f6ae05e671	reword	f403d07f5b3ea7407fa2687d7af840ed0c3fed82
fbd0426f330b895981240a187d6ccadebf37e31c	reword	fa3c089c62d8fed513ad9658b3f4c4d6ac7ba040
c08c3d4d246282f1d2f98db439d11af6bc154c3e	reword	063d52c415a516f9f41c2b33dd38c7722cc7ff2c
4f7c26744ecadcf11fa942f8d9f4ba348f5f7c6e	reword	386c527f9655d2abb12fc1b821105410437a4e1a
50375cc87ca64f180d52777d406bd009e49b7fb5	fold:4f7c26744ecadcf11fa942f8d9f4ba348f5f7c6e	386c527f9655d2abb12fc1b821105410437a4e1a
06bc7e7eab5b5bb389abfdd6ae94092e834ea481	reword	90901fe757431d49d48c61e20f496bb136b54ba5
2a8682ba780071eea75c8fb07a42855659fcb55a	reword	9ca5d4b498ed3410b09c348cf42018e875203dc9
66c17ede887980c8729000f5131d6ed687fe3794	reword	7f25a8ddd3d3360b13eee92b9fd3e678d4dfe511
efec49c26858d0a8d7a6b7ff4bf3fa478d3ff7cf	reword	21f9d76cea22ca4bfd0987580910e25709d41a5c
83754dc114f393ad943318f73ca4cf03d51f57a9	reword	18377c492a1988d085a880c9e16942a77df50664
7266d5d0d16cae7d9b2a99d2db665b5a1716b78f	reword	ef84919163e8e8bc29db84b690033bed03fd2daf
ec7126321794cc4362c4713a9734b1d6287482dc	reword	69732fe8c5c5069e380f1dc3916c2b73eda5c2f1
215666a5b5a003626c13adfe0ae28835c685fe55	reword	e83b6e35a5f560763e319a6b686364a8f1d4047a
34be49dbe60effa6585d4ffbafeeb308789e04e9	reword	c0608461e866e3b427fce8ae570dd4820c2ec2a4
5c5bad3b79a042840d21e806cc895df6895b6131	reword	8a4d79bedb79658ce37f6014e93616c6513b0fe9
aebc4d74f3bf06db3d3a1c91cfb50e321dbcbb9c	reword	025084b9c656d1223ebbd2437397495e1a59ee9b
2dc63c78a57d04d10bd3f5185d02bdec5a072443	reword	610e88273ce53dccc16f307b33bf8ad3b5419b90
a73a6d9db7dfe610dd21d72d5419996794eae871	reword	a68a51458e986a9bddb833cd6ebeb66fd9df1979
bb1dc16e74eed78638abd8d0169c98bc3b312094	reword	d4de1993dc8bfe10d70e9930df9b8bae69b356aa
7cb6623d2a70219d6ba4d9d68b2163d6dde84caf	reword	369917b4c76823575c4b4afab703744e16698c9a
acf97c3cd9b71261e13e5ccd7a333575f6ee2d8a	reword	d6a781346f965defa91240aeee182e3df942cc0d
b5e6123fce385c6be91fc9e35e33d8289ad11bee	reword	5763ef0f385c8675ffe560ce8885612ef60a3e1e
c2f32e9d9c05cb508e52a2cfbcd821e56fb2fd94	reword	0dcdefbe1a3c7d02c1570be41a6c6f94dac3fa20
7cd5a568c292bd745f57458101cd754090fad9d3	reword	35b535aa2f6194afd16c218759d16406dcbcaf8c
cb1c649879e64d31ee1ef2510e67c5c1c270cf23	reword	28adb57f63d542b8cb05c8b5573fb0f197e70390
de8accf827fb2e4b51f6fed35e2388303471f35f	reword	2a10350fd5d4d3feb45b426e25329f5f9dafbbcc
6212e4c5102a29319cc7392264746ef1c7665224	reword	78e7896320efc959dc02cfda32ff371485d86203
5cb6d2f50fb79a6a1b2d061b2ce338635ccb1437	reword	813f1f647b8d089e94907445c608fd55f9ed8299
1ad8f0ca769967bb326fd09160f898414150cece	fold:2fa309ae78045cd1c36f7865a9f353b1c8fae594	3b204caf04a3c937cb61dbf56e46280988e9602e
2fa309ae78045cd1c36f7865a9f353b1c8fae594	reword	3b204caf04a3c937cb61dbf56e46280988e9602e
49e13904ebb243e5ffeedce7182ace929eca78d5	reword	cc0a7bb680f7df80f31dd6214378a7a063a1b426
ff7a643ddae9362df222a627c499573af5f28eec	reword	52e21cb250faf5ac5fc0e5c0063db60237b8f84e
e1952dc45aa9c6fe11b209639a6a1823af179c12	reword	39cff58d180956e802f687c401df652d9814fbad
e55acbed03a29ad8c1397ff8c31b908275b90be7	reword	84421ad41bd4d15aaa77c4701b8a7dc195c2d53b
83da4a18dde3267df49e99867283fa6aed4676c1	reword	0105dd8dd0170c65e091e154592aed4e95c12008
8a32b1819cf990f6aa697a93bf502f5fcc315810	reword	4c00783fc1caabd3e03db8da07d20db2c73d4d54
7e7c6fab41444def10a8dad3a770389a3657cbf3	reword	1d15f65731a9150d6061c59cfd98bee9c155ccc1
cdeb2a8ca1e9ad6fd8dabef32cc0288f7325e151	reword	79e182802befb54c10f6127d0c83aa70fc61cf1a
4628e19812f0650ef9396fbf6c6932d2e42f084c	reword	096d2fa3d97732f7130d373cd051d0610eec47f9
ad402beb2ed15bb43bb33f63eb80d9a4806c2c0f	reword	c0ca1e76dcbd01a8965825f2925e65b59d2b81d7
a7609cacdc5399ba392cf63a46b735bb7c2886f2	reword	622c40062e1c983f53523faf628dc37e6fd58e0d
148ca8e10231b9df344d4cd31afc48007bec63a5	reword	5c87d23b45781ea60f4505647274fd8008a95881
fab16479200ed8b1ea774eafadbf70a67ddecbe2	reword	8593bb9fde55003395df2685de526271127c1e3e
526c9fb67b9c15c80250c10096575854a2449f13	reword	b0ef53c9e4f9b8dad5b5b326bfe14486e9c9c166
12bf9441cb979949d814cd59e687896e91d51d73	reword	dc1fc6e74528fb77083c6e44c7156586d34c58c6
b125f9cf2b96eb6b7b5ec233be5a62bedaf4360e	reword	5c21ea5f544dcba589fbeaf0a905822f78177e8a
42d4216980e5e5836e00cd16233602802eb9f55c	reword	8418c0733c5102e077b3d12a403c719a2be62099
c32a15ea5b64d2a8ee2544abd7fed766c66cff90	reword	050ceefe31c274e7c29f01ad94aab484688265ce
923bbe58d5b1bef52321bb819d715c1a345b811a	reword	5a5c98965482cea24569a98371f53080469b2893
7ba3a3c09ce36483c997645fe9b9f11e25901ebc	reword	0521fa5b85a43f597bdf9b9e9299f0647d89edb0
d7063d9641cd3ff3cb715d8fd2a2a5097e0dd1b1	reword	ce95a2d54b9fccec805924210c27cbb4017361e7
ade6a631c15d244040cd475cc2ff563dbb57f951	reword	aab5b0f93d9db274bd10a942abd1d8373b426a9b
41e4d40686dad7f08f2d3091b1e5333e16d79bcf	reword	bd67702e753ca375f127bac2027e06ad93ed2b06
231e602a28949782f248b0b1d9863ec9f4e316ba	reword	3d72e7204f36062f619486de4792e14878175442
caa0824d47703732106b9a0075b8c611baca0907	reword	77d3ca24cae14282a7b59410d11772d62e59a114
d429869e57f185b68dbfd833710626e0fbffeae0	reword	0277ca14f443661f306a2418375652992e96691e
dd23ad0ea37dd46ba811fea8b8ea170930c387dd	reword	59b30c3c72d198f3fd985f5a89f1a99cb886e897
6406c8ea9dbf0a9aab7fb36365988c1c3314b71e	reword	3c9aab29199d14c00879427f31960e583c147421
afecb22a3bc7e76eb5c79baafb7127bcd0f3d3a6	reword	8c3fbd11e417673f79485101d88151c3bb1f3440
1c12cfe0310eb292f146e7cc308376861f47e1bb	reword	434d5ca8a6eeb9c81987cd0d764f95e8447b3ded
38aeca3715b03fc07068767d30d0b72d02a79e67	reword	c94e59ddd2d76401707628c38e7ebd8e64baee79
f76b0e3be6b8ae7fb6bf10042dc97cf0560c6b16	reword	69fd9a4a6ef87c70fabc5c45ec723c2f06b9e453
c36c2200c3464f04e278840b682bcf6bd15cfbc7	reword	f90ceb7afa5479130c6eac4072503afe78ebaea1
1ae4905c7bb5d0f87aa627c21fc3af5ed19ef880	reword	45ea89f025ccaa0d991e0bafcc085543bc5d9545
b93828cc00d2c633f23e3df85c832cce5ad98dc1	reword	0277260ca8c70af1609309ec9f45e59d31ddbb33
cf101f8079ca555ee9f9f1c1a01b3a75b2f12063	reword	19c7bc57058d6134675e5e30d3acb395414eaba9
8c21f3216ccb0122a3f0496da2aafe79bce18af7	reword	e3508b478b53d909104429d164953b4d86004b8c
4b301ae9f3e94c9fc7c424aae327482719312f4f	reword	b9c5402fcc0c836150e9be8298bc8ab9c2e5e7cb
8baad85eff959e583d6d0459b25c8af2d2bf203b	reword	21d70d69d2ee721a0c8061f52796937c66fc8286
c146cab6b38a16b34530d2cc83e64343f54f665c	reword	9d1f4dcad97e1b2c1c145cf6cd3ef312ab6439fb
ff3a2cd7d7a0e07838ca1a4a2047748e2480620e	reword	311babe033c1f30bc8430865befcbad751969730
0ea78f3ae80c7c1eaf563bd3c0d1ca25d62387d8	reword	b51ad10236db9693e196856c029d665524e12383
884155cf058d22edab664bef97205d37a26b8561	reword	f58a3540606e44184cbb2e25c9904f272fc5c268
9593240fb0db692b59bf686bb081f04e4183783d	reword	d41540576b518b2986a100cd232c736f33d0b9fc
7145b64b7f7b8f90347ee25fdabb43c08e63e3e6	reword	f3f9f6edcb882dd7224bfd1938002b174be86152
d82cd2e4b563c79ed08d7f3f6eb77b990b0fd2de	emptied	f3f9f6edcb882dd7224bfd1938002b174be86152
b0b2ce193f2d4dcc0052ff14b7f824bb7ac8fdc2	reword	5d8f79b560c37e1d51c76c43b0ba082ca1901968
987bacbedf23a2474dc368b58061e73350642f25	reword	464f318c152324089b6d84730bb7d140f980347f
49f5fe3cfb4b92045b760a1d6882c5833c5f65ef	reword	5eb1acf0796d06464ec26cfddb1b8def8b36d37d
96f74e93adbf63fcfe6101cc7e9650f16c9ddeca	reword	2713cd0a60e2dc72b9e08aadecddf146995299f0
dc11b768cbd177cb3bdeca552a1fd612efa93576	reword	a0f3902a1221fdce2a54e413c34ea4d1c222498c
dfa78470cdde8816282d9aedca680276eea3e7cb	emptied	a0f3902a1221fdce2a54e413c34ea4d1c222498c
4ba80b6b60315b8500cb14b8c24790eb893b077f	reword	b65459c85252779c454e38ce6f800bd76a7fb6f2
6df147c2d77e3f05d3afaac9a80cdcf723a1cf62	reword	460644f7a7c421bb8c05ad1023322f5d29725891
13acd123b2e57d5400707b76a5455a911965fa0a	reword	4c4bc766d00a6f52d2029a0392cee91e693d3d59
4dd1828ff949ab362bf3b3f19b103d4f3dc97f9f	reword	1f4c7a11cec4c596381cba3c3dc5d1d4fba7215f
17d1e8d70fb8e8d433be310dce6dc98e72c081f0	reword	f9cf9366aad6e7e8ad85bb3fca64a9455e62f6e8
44f1780a142796088e2f37ea77432f14ca6e2ed3	reword	8a965b06894d51dde9098ecd9abfb753aa76ba50
f521f51bfb9caf238136356652b440e3c9d09533	reword	bc007bb4136f570a3488541601d072ef80623182
325d397098b72bc79c83e23aa158e07c1f932804	reword	7502d9b3e2c806cbab04a4aa10ffa67303dceaab
ecd029866cbfbe9702c4b4f40c581e3b13d8d3d4	reword	6a386ee2660be93e4350059333947f35783967a7
d985bd9bbd74d15aec658c6c80f1f9e080a74fa7	reword	0c9c014d1623f084924affa7a68006959d14c518
9d9c694c79fa7c2579d52ea5e607fb3fc2449a52	reword	42bbeeb904caac66bd9f3fdc8b4e0b584af1e834
d52896beee19d43271f7e109051f2b0ec47b35c2	reword	21633a8b43bcb09959f931004be70fea6b962f0f
a8029a55654c5b844143f2ef5fb076e78046f883	fold:d52896beee19d43271f7e109051f2b0ec47b35c2	21633a8b43bcb09959f931004be70fea6b962f0f
b23c251f14a6e28f95dda110e9bc44cb6f60df76	reword	b9188f61ce1449129a82bdb1be11825a7023a990
6cd067a39f5f32eb9f760965ae71f87476ff154e	reword	f6bfd3a330e14e8830e579006e1cea7e15bd41a3
83290d7ea6076a344a8e9fe8c698a54e30468c90	fold:6cd067a39f5f32eb9f760965ae71f87476ff154e	f6bfd3a330e14e8830e579006e1cea7e15bd41a3
5de085062221946e426f5a31bea919cae4b3c7a0	reword	3c1b9e8733965af64118d3df23e6827be0716390
935b5c2e64863ab9aa9df4f6533c0c59e32ca014	reword	a56e872e5227517bb700a6c157808691a62e7884
d520e24e77be1004a5356ec0953923b2305bfdc7	reword	52ce839ac5a70e2ddf58517822b0448aadd151dc
8d5e25d8f5db70fc462dce9d079ba8ac873aa4d5	reword	38f173c8ba0790e041c43ce9ffc409df550f65ab
1760f1b5233f3da76dc7782b1e59486706add9f0	reword	1361689cb7340c352d17ede8232a3f5365cc2420
b982fd1d73aafe34404144f07d5862e425242eb7	reword	d10a37773178c97f98ba3c5af955111d9659355b
dd8e2b723bb15df6735e5b08f366c0b6fd9ce559	reword	09a4167818f4375d8a86d2b0ead1d5be60b53780
25ab39296c9b69b455eae899bf44d0e25abbf896	reword	d2c8795677fef33d8d9db6940d27bb60ef5655ce
c54117979fce86f227d28ba053df6c21038c6264	fold:25ab39296c9b69b455eae899bf44d0e25abbf896	d2c8795677fef33d8d9db6940d27bb60ef5655ce
23a9139ec541ebdfb74249e807f108a24100cf21	reword	4da0df8f4ab3a7f16c3467b3a82cfd30e9709181
8e3aaa29e0271d19d810634636a9c7e9931e1ecc	reword	f486de4dddcfd2461f26ad6bc46e551f341f2dc5
ec1812bc5061aa46e5e4ddc48d18e28042b36b1b	reword	3b87ea72903b1fb0dcdf0e3d36fa86ddde2993d3
5538900cfbaa8357aa64dcc4103028b8545713b1	reword	cfdb1de135cd25b2ef69270b7d93015ca249850c
ed420e73379cc78e125c1ee30a58249eb12666d2	reword	00f6a6ff21e5c60959870602abcd69bb8311d44c
f7b9fdd16cde5d00e7c58351b40ab040eb18613b	reword	5f30aa838f54f06053eeb5fd36a9fbc281c59765
d9c9be99a15257e263d1bf887881fc768435b86a	fold:f7b9fdd16cde5d00e7c58351b40ab040eb18613b	5f30aa838f54f06053eeb5fd36a9fbc281c59765
c175b1eaf8bf386f9a110742bba033a843681908	reword	cf8068e3c3aeab1e33312bb7e4d10ec1fbb40de2
0b86cd7884a14cdee4cd70d97ee146fa742317ca	reword	66f3350baf9d8653af8dede8c4140587ab0bcfd5
33160fffd73dc52c6ec952a6fa2a4ae0d268eeca	reword	954616b1b24022e401fc027082f917cc634ec9e1
7ab57756a32e0d9b93a1655bd63210433af0dac0	reword	f97b997f007c9745cb11a62fae5196bedbb08ae3
92bb48899ebd8faaa6e072596579309a37c43e76	emptied	f97b997f007c9745cb11a62fae5196bedbb08ae3
af8a30d4aa82d0d81e56d85622b929534eecbe5b	reword	834b1493ab5496e00c85b9ca82b36b3647c2ed8b
9cd7241181a181c5cb24d32209b26fb2c8604143	reword	ae3dca91bb38cd62affc58fa7c88180f6b9f9ea2
467d90382ce471a9dcbf4c26ffe33cf9d381df32	reword	6f9a5b994ca73cb52b1c2cb6af345b62e6727ecb
8298608af3e7e37af475b359420dc3c17daa86e4	reword	de2d7c203b36cdba642606c2c66313c43ef3c6d7
5ef12de9f44627918d519acd2fd31a1c155817a9	fold:8298608af3e7e37af475b359420dc3c17daa86e4	de2d7c203b36cdba642606c2c66313c43ef3c6d7
3519a6c5686080cd6cbadf5d67921da5249c641d	reword	92f7590434367e24fb7e57764a0f725f1ae095bc
0dfbf8d52a0a7a6b9c34c970bf8f70ee0f046e76	fold:3519a6c5686080cd6cbadf5d67921da5249c641d	92f7590434367e24fb7e57764a0f725f1ae095bc
51cf5fa043c5f3db7d872a49efd7b9c68a5ec404	reword	56ec8709ee648853a36b434ef532e6a751a20586
32213b9d24ec79a4fc2f271f318ea0ec98466963	reword	d912c400274952033a0d508b9126259f12ede6be
bba151b78752039b4b85dda431c254a6f77ef952	reword	ef2a91572628ade85e13ab0f5503d2b34f7d67bc
c81dd9609ecbc3c766e16566d2feeae85b2542ea	reword	b515b03a9ce36b85253dac3ee58d56c35997835c
6c83571468c0358ee4c02281b6472a2e054846f2	reword	a107f5347d507d32e09d144ad5f31689a95e7c55
e3ee8f925a67da754f8e40b46375f6552dd5e40c	reword	52db3cfe14db2a79d2fee043a64661eb69809bd2
38599dff2de8727ba801d563ec3cc88ef766a0db	reword	273324db0315df0e5cac2ab1b9afbb527c7c0dd8
63f6c7f16ee7978a03f1b3b29d6fa9a580423109	fold:38599dff2de8727ba801d563ec3cc88ef766a0db	273324db0315df0e5cac2ab1b9afbb527c7c0dd8
42b3fe942adc8bd43458bd3283bff7064ecdf2fa	emptied	273324db0315df0e5cac2ab1b9afbb527c7c0dd8
30070e66ab34fa131f420dd5318d935710ee4e8e	reword	5eb6beb3d412bf99bcdac42586c9113f3deca8ee
172f05978456fea6c8c4981600dbbf61d1c51e6a	reword	1f1db011d1ec04b4ab98f6cf1778689bb2b91aab
c129d0fdf948733a0b2e0c6be7c3a4ee20eb5050	reword	638d383c7d0cf987e33831570f6814824c8d5343
803763ed77229de7fa92a8abfbb12f46941e0aa8	reword	4b4f805e5e9431d49df93b238404021a86fed8d5
9f46b5b8ac758251762566693b2d72293c2ba500	reword	e9b26f2dc048585df6cede0b739c6297d02f836e
dd446104b6cf4f89a7189a03ff6d1b54e23199a9	reword	85d2b42408e2b3d6e2bb1c9677c99ac84020d86e
6861ac792f3a4568e43e5bb14fde0147471c8593	reword	d5e7dbd4f5916e926e239ae9313262c494fd2959
0fe9188a7dda97e37abf4f2a1e7e12d654d720b5	reword	4991cca4241fe4993b5120a439c996dce5bbde52
c6a5ea17402f0a27a9cfa668f340df36fe9625eb	reword	2343b37cf195be7b44d3918b1e438f81da5e2427
e1d2c621609c1abb19b3dc0fa804907926a7b489	reword	53d01d10f61487ee9b73f4150788e39f95f8803f
3d34020c4037cf882aedf4662679fec72e91dbf9	fold:e1d2c621609c1abb19b3dc0fa804907926a7b489	53d01d10f61487ee9b73f4150788e39f95f8803f
092ee4f6ef3dd5d2911cc5ed9fcd6e789e06ba12	reword	652df5ac20610974a9be0319ae19e349bebc8d85
3715363a938216269a3b61ebc8b65c96708a6b18	reword	135990ae2f17b3f985b4a8b657d4c23057d6706c
73e8552f1df7faea5e21b445d48b0bf65f34fc26	fold:3715363a938216269a3b61ebc8b65c96708a6b18	135990ae2f17b3f985b4a8b657d4c23057d6706c
519fdcde7b5b43a779c2a2ea1e26b3fd314f6472	emptied	135990ae2f17b3f985b4a8b657d4c23057d6706c
0bf24d00e328bb6c4daf3c9524e13b46710c822d	reword	c115c95f55778b53d85f18db3d1f89f844c957d3
bc8419985691afb3f280408f1fda040e614ce86b	reword	5e3247aa9007dd16245eadb871a5dd849d5177bf
5fc9fbf0ae2d7d5e15dbd56a7674e3f5f96f291d	reword	907a6f5b7cf6c29c0e2383d84f0e63d1e51fc157
0dd571182a28ef32ede158fb019d1f8364e495ae	reword	2d1b5af2eb0c439d9942e5b28626bc918809c16b
d9ff5d74e99305b00956b9dd75c5392019cf0366	reword	f667fdc8f0a931d275a484d7716456d18f83b67d
50a60db126ab2b126c1eaab34cca5ec8013267ef	reword	4e409d276ec5602c36d67c06583d95b528efbec2
c98034520f6c60307a7a03d3b6d0e9d542d583f3	reword	5cffd1583b357a4d606f2f2ab324ef073e80f1ed
ce3084efa71677ba2a687f6c1f8a5378a6cdfc7c	fold:c98034520f6c60307a7a03d3b6d0e9d542d583f3	5cffd1583b357a4d606f2f2ab324ef073e80f1ed
751a171b04bf6c4b8d558b20a7449eb0a9660e3d	reword	3783517dba212d7486a5b73a957206a543df4bd1
2db56b901552d0ddb84c53f8d9d96f64bd24bf98	reword	027d36a204b7b13ad0904625d84fb512c6e8b6d8
71a5efa31d46c88aa486b4089f1b9de03ddf9b57	reword	b0b3272730008ecd5c508dca25698ca705c210aa
d03f63a975dd6ad8ce89c5eb7ab800d25090fd7b	reword	57e8b020fb7ec8f211ca0a34b796634b0cff6ee8
da4c89f9b3e5bc168bbfaba8f5817be144c26ab9	reword	e644ca2463cedf4f3047fe8c4c1ceb10dba67371
9718bc15671c92a37a589a088f4af1f33f79fffc	reword	ad90484e45e00d0eb9e5fadd298056a62555db6f
5dfb3aa53eb736aab823d275e1341243edb030a1	reword	dbb556b5358da9a3d253ed7169de5804e23c9f98
86117e7af4b9cb2443f61f65b115f3f4f1c65115	reword	fd0320a98f68930caa855d4ca770aa4d76fa0dcd
f69e5338bbd5c5008801eff14c386e4561ddb503	reword	20df95aba2b0d8065157349de5f0f00ec886b19c
9779d790dd143ffc85f18a2d758a835a0f68d55d	reword	7e58dce5efdec558a6b97737a7ed1cbbb26b7527
cc3ee4d75ee64a4682355e48bc814ba7be2108e0	reword	071e75ead8c5c5411d1546723d2a3e606dec2fb4
cc51e6a5ebe973e293c8a9f1c9c3824fad3ad849	reword	997abc4cca36567c92f037a123f51716150b29c0
7226282898757ae62c4cbbc794f0afbd2866d2b5	reword	0b5317e615e5554d0e6b0fdfbaa59ca1ff7209c1
291a3ecfd16c74850128ec399bbf7c0a0a8bceb5	reword	504fc08a40d91b6f9ec7abc4bcef87c9a0520bc1
fa5675708f001e0d4d17acbc6172cd797f787233	reword	b85f3336e3f8f01f4be29626d0d97cc4a38bd07a
f391d8944787152bd24c9894f13576ffa71af0ad	reword	849a4dba5101d180db30204624bb40293e4e17b6
e3989d94e9a087ae5a8ca8654f2c2c4ab051abc6	reword	e3ce1cd7dec97d2717fa662e60521f44fccc2e39
d78164a2cf89c807eb06525b430f747f39ac06e9	reword	c18fcd9700dd92726e8c6fb0ec1bd10f9293d6f5
e664b596558e45fcd2bccde958bdf64cfd5e3f8d	reword	076c975fb4ea19e8fb87dfd42bcfe2858909782d
09cb3a755afa3e016e2d3b09179e5471e2799b4d	reword	c061db609ffa04f332359e944be89f3021390ddb
58f3ed29c604abef457742c542d7fddd70e1d058	reword	b42b6b876a0336d8eac888bf32c4ba7ade8405a8
e30d43304e6d33c09ca904def577155e03ac08c5	reword	6a8728a95e35b42d8ae843f20f6d4c1199f3c6cb
2a00097081a3db434d8992a2b2b51693a147ebd7	reword	7bd4e94c8b44ce410a402d8f48aa4fe6446f94f2
12509f38ba790639cf9a4b051f7a0a13f0704a69	emptied	7bd4e94c8b44ce410a402d8f48aa4fe6446f94f2
bdd4628833bc5fccf48a2e57b8746b34f76f4edb	reword	a1bc1f76b22948690acfe5e795f18b248517644f
0d5f9b5c0f59681bc122739d84e19134dc7f7b82	reword	c8294c4209ea0d5a788c3125dd12e63151f6e0cc
b04cd66b782e073a9752948265594940da56191d	reword	8a44a752fc3b5514f3b848d9664af52da7a3c70c
8bb0249fbfd101cbb3b983fd57858811d9296f87	reword	c7512f3d487cf4d2ede6cfe2d98a764d3cde015a
caebfe4a194d8c322d66c21634f86dca68778c95	reword	caebfe4a194d8c322d66c21634f86dca68778c95
5c57a94c118880801d8df0248a9dc1bdfc2a0552	reword	891994bf3929712cfe56d06d495f9b1dfa524c77
23f53ee3987308be177f0a65cec5b3ddf9b3b842	fold:5c57a94c118880801d8df0248a9dc1bdfc2a0552	891994bf3929712cfe56d06d495f9b1dfa524c77
3270069fd2875f3d8a064af8c1921baa67325ed4	reword	8f692f295d42486d1be0b1b6ad6d7a6a0c276946
25d43c99ce53cab9981665a26ac1e83631df50c2	reword	edf645e3e8ba84cac24216e4d8768c78f3fae518
b434aba3aaf8626ac85d7fb03f4218b38a2d10c5	reword	35965a7c56b5a1d022c21c1d9f15dabf6a662f07
6ecbc7141d3d410e33a10025ec7d6f2a6a297cbf	reword	84abbbd2e5efa970464f68a4fcbebc62c185968c
c60f79e15d6e691c6384193d7fa499d037a0b142	fold:6ecbc7141d3d410e33a10025ec7d6f2a6a297cbf	84abbbd2e5efa970464f68a4fcbebc62c185968c
deb43a891a466a77e6c4dc45bff9eee2d0b32351	reword	3cfb20ff391386b06e7cea7fbf0a9ab823d647eb
d02f72d961b5e6581a754a212006744cd7b70562	fold:deb43a891a466a77e6c4dc45bff9eee2d0b32351	3cfb20ff391386b06e7cea7fbf0a9ab823d647eb
771cffec5ea113c11a2844def61992295f2cf6e5	reword	fc71de2653867226bf0af72b70c16005a2c1b945
23bdb36e497afa1a8493d1c6111df3b6988f11c7	reword	a092a75ba4bdf0a8cad42b127210983e7233c7c3
e435cac2922a1bdb60ae1d2f20f2ebc1f6a4d340	reword	0dc26eec2c9abcecbc2021dea0fe9ec46aedc736
0d61e4202fe589e51361d1643d17117f80c8552f	reword	1dae0152d4833f1a47cde176f30152664d721454
39dee23d231582fa2994a04aa5bb986bfe403f78	reword	504f4a1fa0d0afed6674724a1eb8829ca05ea80d
e1ebc409ff9024ed44c0adbe4e30d956fed22d09	reword	46080144707fd91711eec7ac87bea649c28c4df1
26ee0978f77210578be9feb300aea576145414c1	reword	7fc62b0f0324b6efdc06757d54737ce4ee1c0f7a
54665b8c506c7e724cfb217c4a6057d324dc7896	reword	ebcfa4adff10bec260eb3b8d48598036d8a41296
85a95a2d275d5cba3207702ce9189cde720dd212	reword	2130df27509be0e151001d6efed168d18cc3ad1c
87ad0fefc7fc84d23d1f3687a1e710aab0721586	reword	2a454b17d37d3e6e968455791f3c1620de66968b
b584e9a2812bfdfff572c7fdfa3372a9809ffdf3	reword	e336c0215ac7d3706ab057f9b350bc19e5adcc41
221ef53464343ee886beb78b928da8f8572c15ab	reword	52b9da1de183b135015090cbb2fb38eb35e2651e
47466534a5be9734604f1f5d9c122d8e8fe6f0d6	reword	3f1685b53abbd1ade3eacdbe376a822918c4ef94
3f384fe7e3d3b1d46added8714313a0f9f6e71fc	reword	94c38cb8513203443cdf733088c34cfadc761f75
f019b8c1e8a4b934300f4f1238c08f7473667b7d	reword	ec9ab95730c3adf34b156d3db086d975bc31b755
988d4c7aafbd7ee1a63434526886860b20675596	reword	afbce27bdba376ec1aa392f27595e732f8d1a399
d20a58eb1bad1d3ba17a732afe30dfc3377ed5e9	reword	94f41984757ba2fca9ef5bdcf86a68a7daab071a
8afbb0fc1aa5cfb57f876cee852e5b6552574a08	fold:d20a58eb1bad1d3ba17a732afe30dfc3377ed5e9	94f41984757ba2fca9ef5bdcf86a68a7daab071a
938c5d72c775d2b0dbca733747d9e33a81cebb0d	reword	a5ecf4d2b2d6e573fd12cb6a799bf9422d4ac80e
07a288f5e1244e39e0b0b4d5b858dfbb6ef5c6f8	reword	b3001cafeb9c185be58894f63fedbbe5a0862045
191023e3f2e604ea367e41047b7713744ed4c7b9	fold:07a288f5e1244e39e0b0b4d5b858dfbb6ef5c6f8	b3001cafeb9c185be58894f63fedbbe5a0862045
5f4434b7a44c1268d11c9a113f98604ebd36d655	reword	669a830304c717c8aac4b12bb1c60968afd366f6
f69c906ec208b11c344e5c423c33d15289ccaa31	reword	e4f680d5b2106610f9db9c9b95af1af0549244af
ae42466b2eab7e21ab9c05bb09fc186965267e53	reword	7c906eae425c7d5a20c976c03c0e0d28ce4d0aad
316f66537c12f110834b913466783c87156ee560	reword	98b1d5eb7083712b00ef92a6340578f310ff0737
05fdb4c0606aa04e184e7bcb7889ed571c971660	reword	4ac562ba3f7246dd83671b459dcd7e40a0feb628
08c7201e915090889e2a4e224d81706a461aad9e	reword	f8f893e3a4488536d9ccef61845ee05314304834
fbd4c5b0754df3c47997a5b6d558b7ea5d869836	reword	821af0eadb31147237804ac14f0596c916e2906b
09b9316cd1696739c0cd4e3d83bdeb13cbf602be	reword	5528b16b194264f3dbe4c38ca1e89d4abb395755
db84028e29608e958d11d03e8a9b2238a730ffcb	reword	e7f918069220677f5ba77eb9eb7b8a0de96c8804
479e24b180b9901cc2be893d93e438691277460e	reword	27dd4ab98f5acfedd10e7ba0c43ef5bebbfe02eb
1695518a55ab58fdec00d18cbc8c671e347e4ea0	reword	15d1a6e7e3349d9c21b2fb340202e8c2e89d6a0e
f241a44e78b194da76add49524deaca3bcdc4086	reword	30aa0ae4058387a29fc8073cf64c0dc5feb8b12f
03e745f56327a7dc9477ba405d57a33d795eb054	reword	312bfc3fac3adeaf15b56b44aaacd09e6d11eab2
777ff89cff47a9d2481bb3a2246c4f8bcc044c88	reword	afbea106aaf038ddfa82bbeb95aa6774da4cbc8e
756058f219eb79f0222289f422c9fb2233658dd7	reword	dbefe52a8e20abb74626cecc7b60e6e69b32760f
92bb4bc11b005eebc12ffba2ab4b11610c5a3334	reword	be7088a78fc31439db77e4a8d3d1bf8667f81bd5
9c5a58238ae1220a0b4003f3080a45b48f120209	reword	1b9f19c763ec5dcba70499273359e10ccd173478
2669aea0e349fda64e6154307900ac1a34ce0abf	reword	cfbc5a23a5c81d05414052090b415ce4c11a8141
db8f063a552304b12db457b7963fec28d9fd0d6c	reword	0d5064857fb7bf8691b49363881f9326105c184e
5fab495206bef9c2cae067feafd11ad9fff74fcd	reword	2071e84442fec47c5b459ab7d4a922ec1b267927
1699ee44f337c10e1d7b69a51b64ada56cd767f6	reword	34158865e1c3fbb56ad3a097198430b7553b7387
1386e8291bf87d6c5174ff338f773c8a2c9e820b	reword	888c3c28d63979cc36e13ed0fc35fd971485520a
02b570a62b839a68cffcc5b6278203e5c6c3371b	reword	9215acd098cac670aa09bad8d4145cfd76d55c7f
b03ac6be81cb910089d9960d6195e7b8e2d17557	reword	ab8c73e9e1acf2d57ce4fe3f75b02242dd767b83
2cc9f658e05e1be90ee0e6c3272f52ff17bfd71f	reword	f70beb0122888162bc38b434a51833f9644d1bbd
31a27f6d1a9191d935f8be2f8ecd9978dbd96a52	reword	9a2f0584d49ce17f91ac6fe905473fa573b84120
646b4ff9b351dde9d3dd3f4bec22833a79e6379e	reword	84e1a2049c1fca32b772ebd1510721826c87d0f3
22dc0c17523c37e2ed277c54199dd7b01b08f25a	reword	8a45ca55cf00edb31323d28b44b7c4a2e4459900
d3577ff163682956890401eb1740af7a0addf862	reword	7ccfb9ffa09e61c0cca925d1c34e2c61c73a26b9
9f88c5b25229e95c39bb8d1f4b5c11d46533e98a	reword	86d721a2e3bbf5763598f25a83d333f87e7f7d7d
32def5dc75dcb6b634b91ca3ce214c7ecf70b9db	fold:9f88c5b25229e95c39bb8d1f4b5c11d46533e98a	86d721a2e3bbf5763598f25a83d333f87e7f7d7d
f2c499f7e6ad6ccd13e75380a4a1f3ebf84b95ec	reword	4fbadbd9c934300cd5460507160a07b3bb6ab3be
208eaddaa6f2dd7677d7a000412b2bbacf245831	reword	7028b24351311212d5eb2957b811cb5e6dc67e5d
5481b957ca4b2357103007676d131253d2e32e29	reword	587e6633f13f71a16d17529ffb1f4ab63909463a
6289e4c763fb810715c26e968870cd5d2de01e33	reword	137ce6c0622e28004f505ac553f1a872b966d55f
3c5101117128e532f77a10e02f0db31bdb8f915b	reword	a94a874c23a69421d16d07299d60efa66645e7b9
da0c1a35887411957d95f17a9e58e5506bd94762	reword	366a13af1beeab04b78cbf4a14065e9d132465ee
691e3b9e281d40dd586441abe3fab9833bd23d67	reword	32605ed512aac435f2ca2c323142146629649557
b2dac959b5de2f27554b6f47f5e9d864eb4a5acd	reword	4345d490eb31500527e25f41a4f4e0b65b4bab05
7a4211301839efa90e4650dea272fefdfa2267ae	reword	318914c05ae08e76ae0da8c1d0b60271f23e73f7
25bd2d004f8af77c8eb9025dc1b912a04ba3cdf9	reword	6f369c0855d18cd7d2f799e8c924f9b5c6c64fd9
14bcc6e9d937b1d50d100c7a35a9f5262e46f879	reword	cd46b06769d9e4645148699dad8eac661d9849ae
0b4a68f93cb09a5dcf5216d6aaa4951dc6d3c489	reword	9b0823b842b9e16be2e6dc16952c538b40929e93
5430bd683f3d83f24d01586b65fcb2de9e431840	reword	9431c264f3c4dabe319213d37b9f09132ce1015f
6d28b5f3844ec2accb71f07bd4a713fc28cafc76	reword	f4c7506a6711f1afdc8a2098d59819662d6639b9
05955bf869cefc93eaf76f2ee159956aa072adfb	reword	1c18d25e7c94ff0ecaae08ae85c2b458d81ab3ce
cedff2f585a4222034ab213f33dbac8f43bcba81	reword	232d3578079604fe0d90b87d75a52c013b715ac8
358b0b72bb7994ad47f24d0d016a6d7bc64604ba	reword	44c4c978977eb77723d7e6c3b15675b3f0738b8c
0e3fb1966a8e9d658d74aff54a5ae86d44117d3d	reword	9833d5459963cc029b228426e11fd8e7bad04582
b3864e4774e7dd7430e49f9405db32c4e148c855	reword	2af659d9a35c431679b5ba462cdf199d9de912f5
26a08717814b04830a02f38c65b5e9a9c83b3dac	reword	ffce3479ca89ca478181b282d2f0ca9fb27642cf
03cfd1f318f0133009ac5da896032848eddeda9a	reword	f88821bb6d36fe6713ab2a1538768d698f7696bb
95788dcd07b0f9aa9b8cb3e541c230b01b86adba	reword	2ef252c713b7dad80b01eab2098b653cb15a846f
e822be249ed7f5fa9a90d24fa1b153b5c2b64ef0	fold:95788dcd07b0f9aa9b8cb3e541c230b01b86adba	2ef252c713b7dad80b01eab2098b653cb15a846f
9fdf06d36f5d68fca6362022f6d4e9d1f8235ce1	reword	f1eb09a6f52ff86d49f578945b76db43738f5fb3
93962ebf47b8f0533beeba5c2dab86ed79d82aca	reword	d87cfb3dee29dc14c2bc308f857ce8ff0b97bb6b
e06ee0ba0826c5c9fe0ff0498ca525fedfce6cb0	reword	3c59e545d80ab42105ea45916f8f213cbb320b52
87e1df4bee83776273a4b5845ca0ce32b08cd65c	reword	2e20d1ebc76b616eded42c271e28a7c4a0caa681
3dda7d8e183f740dd27e275771c8ad7753046d18	reword	86614c7872d72bc6856ddc28d0c7847f8d8f2582
541ab0c14617114828f1e8b1d4a30d665a4be8b7	reword	4beed79d08750d3761889c95428e5499665e5057
12c52c2d7e89b52ee5ec2526382689dbe6ce04a2	reword	e94fc47524d9c132be38d271886fcdbc181a0b4d
cc34cc7566988d9be6158d57673960217fe8957a	fold:12c52c2d7e89b52ee5ec2526382689dbe6ce04a2	e94fc47524d9c132be38d271886fcdbc181a0b4d
9bf223e5cc494b4da46681b1d99e9c91d1c1d1ab	reword	f87265b48852c66b3e7ab6321a972679e96ff2e9
40b0c0275b188807bcf159e3ce0d0de38e806293	reword	66bebffd0d5b833c82caf8c148d63d9203371cf9
e3f242bda9203f77d0f78c246aaeccb8df175ae2	reword	4b074d8a2004c6210745f351379f3b0bff801f65
9c8cb0c0374d77c122a98a59bf75cc28e9fb89ae	reword	6cb836d2f360980f05d34d968a85c9b79f1618a7
2b3556dc359c2d4a10ed5514442e57712fa5e438	reword	8a1c6d21e5f5d8dd8b52c4adf71f2f1e09c11bdc
fd7801f6ffeab3a3beef0c2208b9b88546c4f537	reword	d17dbe6a6d178b66757e0ab9db815118773e498b
fa84827e38b4663fbcb6f1078735e0bb9d19dbb5	reword	39484f4c86b04904dbfd55dc64db85c972529220
ed5229ca670659f9f949d38b05169d2af8d2aad4	reword	a782eff298ac9efcb8a3e29447b8fe5a088eddcb
24b54c8681daa96ef710916e8540430d9c7892a3	fold:ed5229ca670659f9f949d38b05169d2af8d2aad4	a782eff298ac9efcb8a3e29447b8fe5a088eddcb
433ec4d865b50f59081ca10285551291b414faa9	emptied	a782eff298ac9efcb8a3e29447b8fe5a088eddcb
2b6edc8890b7fbcde292ffaa8215fab2ee475da1	reword	46f5aa5e3bbd7073f843e843fccedc87f592a60d
1be3729b8aed9705f8dc36b364f54b4660749deb	reword	e8f374ceef9ad91e87f8f933cb03df87dca8731c
6755c3afce68c12820648a81a80c73b910305fa8	fold:1be3729b8aed9705f8dc36b364f54b4660749deb	e8f374ceef9ad91e87f8f933cb03df87dca8731c
f143059491702b8394e0a1139249f427e4b07e00	fold:1be3729b8aed9705f8dc36b364f54b4660749deb	e8f374ceef9ad91e87f8f933cb03df87dca8731c
a98249d0c9f09101693e408354c90154e6c1eb6e	fold:1be3729b8aed9705f8dc36b364f54b4660749deb	e8f374ceef9ad91e87f8f933cb03df87dca8731c
5c43d3f04eafe4951abe71220e63a69660e6846f	reword	3b963cb71a5b2891aa4aa5dbcb082973343a2112
93f09f871d95a34ac0ba493e454e7491d735edb6	reword	aa50ee0e69024ab32e1fa43eb6b6889e2495750a
46b64952fa2dd6789ba1530441802b4e09b01d1a	reword	a12ae3bc0efe799bc9bdc96ede1539e709d65124
3e5b49f46c66b0a891117cd259013ce98bb26e8d	reword	ef7b655d5fb44b81ae32fe2d09d8dedce8752b14
7aea3931534de59c55cb07d5bbfec61ea4c7e07b	fold:42eeedca5624b0b6a4e0d790459cd0a1e31b5513	a786534ea5cdfebb8865e279022e7b5feabf5f9d
b0bc1c4c42a60456a2f0191594e8e48724df8c5c	fold:42eeedca5624b0b6a4e0d790459cd0a1e31b5513	a786534ea5cdfebb8865e279022e7b5feabf5f9d
42eeedca5624b0b6a4e0d790459cd0a1e31b5513	reword	a786534ea5cdfebb8865e279022e7b5feabf5f9d
fe9c8c8c7cb299ae41ea1ec6fbb3804cd7f345b7	emptied	a786534ea5cdfebb8865e279022e7b5feabf5f9d
c60e4904246747685464c9bf83623d01347906be	reword	3921a9e3223b1e09b7266348b6cdc32c8e008bd3
318835fc41988d91e4d2ae0554a03be7e3b28a5c	reword	7ef13618448923b0f5d695890f373551518ab359
9b384a5912cc9af712ebf2098bba987332eb99f4	reword	4b7cd8fa7150d0ed13828b1efa29dedd130b7032
5cdc18967b16874c3cf7a0472844119ef950bb8a	reword	ff8dea6cb8695ba29fdcffc481b27f27f6eebfb1
659adbdcd6a47dd0e86745b19eb6ad12e4bfa8d6	emptied	ff8dea6cb8695ba29fdcffc481b27f27f6eebfb1
6b224c0abf83bfa9be66a3dddbdb6e9046e3df22	reword	474dfe865e091a26c53b35c25c1ac166d14496f1
061029fe1606a59d3123aabe24870203107d911f	reword	7f4468a11bee7907cfec6bf44b38d009c3b6b946
612a0a5996a7676f871630509b2c94d2bc6ad9e0	reword	1e67e3d1c97dcc366a8adeb860b57672c5b9f15d
92b67564698a52f045338ff5a106c9755a898087	fold:612a0a5996a7676f871630509b2c94d2bc6ad9e0	1e67e3d1c97dcc366a8adeb860b57672c5b9f15d
9ffd1c45a22c4491917cdbdc8aeab27ef29a814f	reword	aac3f17d5c6badecf8de8069d032317d276f5cfb
58601c588e9f79d21ef7fde2f9a8f69ba875d5bc	reword	606f48e2b4c12835f9b20fe521837e1cc0098f06
c0857ef5c6b92464184417b43534babf6e062606	emptied	606f48e2b4c12835f9b20fe521837e1cc0098f06
ca7a2a4ca5471e634988c1731e6dcf5fb1c132c2	reword	394492c69a184bb70db2e914aa358bae533509b0
261167638e5b9b586589183ddd1d131137b3483d	emptied	394492c69a184bb70db2e914aa358bae533509b0
69c6e6989a247109d72f59878b0526543647ccd7	emptied	394492c69a184bb70db2e914aa358bae533509b0
8f5c08fdb2f29acf33cd5098f8fdc6b787717d7e	reword	6c6bb5f90b72dc51a12935bd85093069859fc2e3
17f11c8b2c853373272b5c6bf8b6d3db6775e312	reword	f168438b754e7b103a530da731884d86a585cbf8
b534180ba228d48b7fa6a1bd61969a33a42f726a	reword	989fd0797944260d46a05c629729182602d64b64
733e2bb59c566611c5353415d2c0310b25246708	reword	f21ea0a229b4271fc3d6554a6f63c7c57156090a
e553287eef9345bd1f14853bee302fa1dc85975a	reword	44e682ac94d57f983a29848116a9c5fe0f71e7d4
c9467d034ab5c7f1ddd60757e79237dadbc18b41	reword	aa5466df0a2b7151773443b4182952a68dec922f
a08aa9b3069f2f8df5ebdd21191613a5350d8c9a	reword	039950169c88e9f8dd50a17ff8579f3a8e5aed40
8681f26481f21bbfd1b12b4e0bc4027c0e472291	reword	502a1dde731102de3a4b9efa922b710604403cd9
9710d2a497f20d06615b26921607306b75e3f1fd	fold:8681f26481f21bbfd1b12b4e0bc4027c0e472291	502a1dde731102de3a4b9efa922b710604403cd9
859ee01549f705c44b19c8b1ef960ab077a74bf1	reword	a8626bdd330525781c4c22d350b9fe16356bd02b
cb3976b2108af2ef5f2c9d8fc91e7744aba713f7	emptied	a8626bdd330525781c4c22d350b9fe16356bd02b
573c15f0a98eca46352c3db96a9b07aaf702cedc	reword	89e84e7ccfe067fcdcaad46b82badd7f3be7cc4c
aae794215f61ac75840c1cfecdcd1df52ea8c67e	reword	47a5c6bd67d4c1709b7ea0e600158bfbd45644ef
70bcb268bcd71ef42ebeaaea22842ce07a442234	reword	d264ec4381d3e71d25c82b23e3c3721c13194ad1
b8e456eebabf715ba3f39cca5e8462aec309173c	reword	3d7fb4bd5f101fa77fc4d3e22de4093f02970aee
71ae71109b2c2eab513f7bbaaa56e8a2126a5774	reword	105ea3cc56ddfac76391080050e011a920a514ad
eae54bf1f2125f9cb4784690d3285b0cd1de818b	reword	ae5739b01265f5270ffe46a254b5a5f5951c65f1
cd65fa610a87daf030123b95e8aef43a2be77cc3	reword	98f65eda401b365a6745680795a84ae05ff94594
48f6b8c4419083192ab51cfcb8eda06df6cb782f	emptied	98f65eda401b365a6745680795a84ae05ff94594
1bd9975808a8dd750c6c6185e33c3cda7ef838c3	fold:cd65fa610a87daf030123b95e8aef43a2be77cc3	98f65eda401b365a6745680795a84ae05ff94594
89e05e36076f76e045eded401fd2e6aa23ca6983	reword	620f2e9f36a427f502f35cb419a15b22496044a8
8647a4fd9baaf1722f6578072146f90aae058352	reword	fa317e6af06f0046c5414bd056df45a1643fe783
69466924cbf9d3c07ac1c5de3c8cf66ebd5a6dad	reword	5f606cc67fcb65c66156d73808b8f8d6b4921933
85ab9a186b24c312a80cd5ecee50216e7060c644	fold:69466924cbf9d3c07ac1c5de3c8cf66ebd5a6dad	5f606cc67fcb65c66156d73808b8f8d6b4921933
80cc5634df47b98272b15a0d2715248e1063c321	reword	8eacd3a83f8c226218321073c7beee4b695c13f5
fbd7a883d981e647125f3a9f886945032eb75836	reword	586cb7f54ea45ebde407db2c00236da97a57c43b
69ea3abf6f991ba0fee8fe270fafa25753745453	reword	134c7e3a06f92c220cc35776527d2070ca477cf8
02d711496d0192370f3f90c4e333007759efa45f	reword	f945e4df7fca09b6fe8c2566b6478706ea4a0002
e888d88f1ba5444d0f96810b7ca94116c1967cd6	reword	bcab068ba3743eb49508dfe3cc28bbb77c1183e5
7d047536097eeaba4a3ef1314758669e0cc271d4	reword	0c8d21805948468a0ab4695237f47ed5b55a1032
92f8d073e4ed2b0185f4610f9ff376e99999ab92	reword	0a54e4c46aac9aa87268ba05c76ab87eddbcc748
e47de50f6e169d01e235c38fd6c400857aab0478	reword	de8f381e0acf97a46010a97495872b8a958c9e90
d9ed817ec5686b3797bc7d43c4c0f2ef2adc90d3	emptied	de8f381e0acf97a46010a97495872b8a958c9e90
61fd197f93a37485c9bd6f505e0c6ccfe25e4d0f	reword	4b57bcf9aa23f011c435c66a65d3516705458fed
fe807fc4b8c0cca9fbdd16a5d9ad01835baead6a	reword	cf445aa0cb8869d3822ff31c821475945dc40dd4
26cba30227dfc6681af11f709fe20b926c041b72	reword	f6a00b9e793f5a78ad2e90e1353a0341c5e75bf4
e639ded830f42619e309065ba6b58c16c004b883	reword	01505d575c582c62079969fa2fbdb4807c415b8f
6a3140729ee3f3f06b80220f304dd59e28c5f440	reword	5a0f154755d08f24192b1a728f66e188b0e72743
e56c7a13e274e24c2b587aa33083e51d96e18be4	reword	46a1620dfd160c66ffffb4af267837029028b4fc
ad76f4ee02da7e126bb201f83e20e4e186ea4bf5	reword	4975e595121e7aba070e49b2f485c13ad2265419
416849d1d73586de689051a9a1440aea4c9c55db	reword	b0bf20e60856f1c592fbe8c578da2ede2a4c696e
ec350a4484bf306d4af9c035a64b839d7d220ea4	emptied	b0bf20e60856f1c592fbe8c578da2ede2a4c696e
c5d601cb148a533b927cf5f78e830d5ec6e6b58d	emptied	b0bf20e60856f1c592fbe8c578da2ede2a4c696e
b0b128016912c762e356737600ad12194d170ba4	emptied	b0bf20e60856f1c592fbe8c578da2ede2a4c696e
debd60305a34c51d36d9811780c3311fec86c84e	reword	6eb45a17f2a5c4e65193c51449569ff896113586
adcfda0557d390517c0ba49a1a49af405de38fa3	emptied	6eb45a17f2a5c4e65193c51449569ff896113586
e48a2770f2218b96a99985ef3e07d660685b2e4f	emptied	6eb45a17f2a5c4e65193c51449569ff896113586
a99f1d8bf0443177e3fbc438e29a2f3a684793b9	emptied	6eb45a17f2a5c4e65193c51449569ff896113586
65e38b7f5eb46e6614edd4b656fdc90dc1fa8d54	reword	76126bd67fb78ac2473a10a0ed92db6e35c47588
88763342064c6cf7e6ff38998ae91e77b2656abd	reword	b7a7c0806f8a66e816b255cee31b3a3c104c3cbe
cf5465b8588534006fdbf45e0dde1f1c557499c6	reword	cf9638f223d683031238612952265d5aab8d8489
14695c7c2dad1c4b56fead86dd93eb1b036b9748	emptied	cf9638f223d683031238612952265d5aab8d8489
e7a114c257e66c55fe0a98cbc6b460c651fda4d9	reword	bef0de683271ce07bd6f6bbc28387ea82eaee172
470def1c810e9f185634cfbc998174c7d2f87a5c	reword	faae8c185775582ac41fa66373e611b3d7ff42a2
06b2affe3cc04f2f64c4ec790cf87d17587e7a95	emptied	faae8c185775582ac41fa66373e611b3d7ff42a2
cf06d5cb83c67e14903d4dd8967557ddd95a97e4	emptied	faae8c185775582ac41fa66373e611b3d7ff42a2
4084d001b08ba0bbaa40d64bad3c2f21f62488ab	reword	2919dc0c805b539a308124c3d03db24182952998
372a2fe4892a9e941c0535cf07304fab6d69f372	reword	ab4eea14b8d85901ed7cd4a3efcfc10df91285cd
49bdeca72087a59cc3d28936374449a1220d0236	reword	bf8412dac7e1c6b1ec4ae8ccd917d249dc0398b0
7526e85713e6f41d41100fd8b9a3ef402ad95aa5	reword	c0a9065576469d5e37e86445a61fe5bf98d14a44
f881a1b5b9bbf8b16e38e5d776a427e4f9a8591a	emptied	c0a9065576469d5e37e86445a61fe5bf98d14a44
877a13e957c8751938079890c5a75c713f1aeaf3	fold:0cccb585a48cb796d5164efa28a0812c43a3e24b	36dd06ff6455b1b74686e355b23cd6d16a7b4a23
26246411135c823c5051df974a575919b8bd4ae5	fold:0cccb585a48cb796d5164efa28a0812c43a3e24b	36dd06ff6455b1b74686e355b23cd6d16a7b4a23
0cccb585a48cb796d5164efa28a0812c43a3e24b	reword	36dd06ff6455b1b74686e355b23cd6d16a7b4a23
bc2ab19d5163ff933cbaf21c6b3c87b86245c39e	reword	ad9c50adcef2fd32456d5beb0a00cb8ca6bcc075
d6b1809a79d9d80217f1081d90fa9a06db28525c	reword	70cf01acb5f4b8f4892e5afb604746776371026a
08848f60ae196be059419348dcc4fbcf9456eb35	reword	83cf17d8bf5f69a24797b535e69cf72725be9e76
816ff9760355e20f636b4664f6d1e5f809b4f94b	reword	ff84d8c500c99ef8fbc11a399695880d23fab20f
26d7419067b7025b8ec1ba8e566f41a0b20c2810	reword	5e21940568bb13893499f4a18f6e40ca2aeecd1c
ba154ca3f1f47e94fc088f9f7c4f8302c027c2fe	reword	5caac9df34f3a2a07969777728ec4be6049a8707
7aedd10d6709bbef2d5efd5c22b5af84b4201673	reword	a8f5913a02212d02c1534865fe238b35abbde1bf
2f5762b2e53b5706ec73e0c2d1d02dbbf75d3641	reword	caaa624971f20c2da9fe937244bf274c6919d5b0
ce95d19ba9a9781832dccdd1edebee39cfcf1838	reword	3be82ac007b703e70f6879b41953bc54f213ad16
b4bad072ef367af1bd71d49add485b006de86d6a	reword	2d605ca5dd480a03845d0a60214d3a77f5a7edab
95b008d8c05044f88503eba9d65b9284790ea09a	reword	78c8e3e0087e3db61343844c3fc753f6bb86b658
340362ebefda1817ec96993ed1c592c7ed8c808c	reword	f1748e4c3fd38bc2ea403958c421f29f64f1eddb
1c5d3b32433d3a202e18e230fb3e735a2b4f612f	reword	8b9256a51a283e2a17df491961902dc43d46c573
f6de5c1fe7f2f81baff7921e3806a9ca36f3418a	reword	89abe027ae1f4702966164ee0310d1416cca4db1
5b8b6ecd6b851082e386fafb41286e372ec6d73f	reword	0b181f0081a99b640d1bfded359ed1833bf0bffa
cdf544d7ed3c6450787c08e2cad27dfc16448a7d	reword	fa6d7dabd6809fb138556a05b41d0829cdf15622
dc19134c1b199ec261af472543a21f044f6487b9	reword	b26a66dc20ed78f7b440f19c1897856fec2fecc6
2cf6b620a974497394aa7b14dc4e9ef8127d2706	reword	228378342c6a813c01d522ebd24a49df6c87665e
1784a7f91fe7c15ac55f0952373982d930a9a8e4	reword	aad7c641900946c5004669db27898a9511917a9f
33db4858e93d7c65d4dd5b99c92ad3a38399d7f1	reword	2498ef1ddae3dfa63352f0dfdb222de864bffc44
5f442904fefcfa898de466e33c99f1d612f3d0ce	fold:33db4858e93d7c65d4dd5b99c92ad3a38399d7f1	2498ef1ddae3dfa63352f0dfdb222de864bffc44
e1f3418b035603644200d55ea11af107c3763135	reword	30c3f0ca0e37286a731db0e5f5d0295740bcb0ba
754319d1a50bac14a27c6a92ee315f754ad3b09b	reword	9166d4e539b802f9d38641e23bb4ed2566becd55
482b80de458cf621a2913e95eb0249206928e060	reword	1f59b7671054c9c1ae894aa126501c33044b0b31
238896bcc739a5aef5acc24d006fe8cdefed4fd1	reword	333ec7f8156ce63afc56d036fa2b6506ac3babd4
c4a3abcf7d095d78ac62e4918404ebd68eed7dc4	reword	23f74107f5520755722660cae5d7bac52f5e3831
2b046ba588f42a05495a508317dbc2babdfdd18a	reword	bb82d2994f2a19d2138aea2db360f9e55d49b749
38e46e3578d38e20ffc3487a070fd01205314763	reword	b48acb2de48238358d7dc11b4c53eadeda7e0e43
b52e1554429623a11bffdba156a3b6586a93fd66	reword	53568b4eb57724cf6acf65c00403962dc09f95a8
2efbdaee2cb9b88d158afbb9b2287c7bb5821bc6	reword	0406afddfba289d9c537c170e508ba1ba296fa77
a63e6aebef24c931f6086a6a8e08270b338051f2	reword	17b785d56d17ed3cbff64e08f6430cd63de873c1
2a1368a095678a35b7d25678f476cc4e7fbd0aad	reword	3a85aeb65c2afdcc9c0d472eb8d80114e01a4eec
ca0554a212fd7fca3663357b300544a5a83eb109	reword	add7eae8aabf43e7ad6c8a206d46f14a7269d822
65b3311f84ad38b37900a5dc5083f1f50d7b547e	reword	a7025c1b51c5fdf483c46f02cae4a3da876d851d
9b3153e94127a33752453c1a97927096ae9e2aea	reword	43e8965a0e501fae42aa9aa6d1dbc7f86a7066ed
e491db21768bbbf9b1affad2b0f42d9620d7b88b	reword	bd8ebd3eeb970188d67cd3f2275fdb6b0322741d
aea73ca7c97a6452c5f7f81757dae9b3c9152c55	reword	abcebc7a5a7b76400a8a77edbb2dc30d7704ed88
3594bfa5bef9d8dc28c892ea2a1d74eddfdc3627	reword	e85ff38f13d9f54dd03dc57f1fd93d653a150bfa
816191bd2baca8e8637dc036fa3eec934ebd991b	reword	ffe60acd322fdb0a1a0ca971d94a8c9eb57ed1c9
91fb21d37c509717c423f415ce14a30b8f05a869	reword	496b26743a178d7acac11f81c56527c28b0b1501
8146cc6491f1f9524b53f389760df50aa754c2e1	reword	bd987eedef783327a97d603668ecb24a90d9c8e4
a6d764906cd5fa53e65c9e109556b40ad95907f3	reword	ffc0689924e65752598d3a902c6e2074021b0ae0
7ed00bbafa4e620d1629a3dd60db3931da6f7e5f	reword	940cd0a4f6a237e73c15d19791763f4172f32694
2acaea6a3596b25f80dabfeb62f9362467005ddf	reword	f7775ac48f9f20eb08fb29308539bd57dce7486e
75f02f6075903532ac19debdd0dcf2aefc6c22f2	reword	fd2284e73ffe2261fef74afa6aed1a6bf77cbfc6
447f974b41874959459378647a34d592f087f39b	reword	e43755bbcbf8fac0a4f8766f557bfc0b2e468164
2f0a60d8c54563ce06c128b2bad76fa90fead403	reword	b318a0473181d31b6fd65cb80fe9a3d25efc66d0
a796bc528b4f4ca8de115b332759ad926d375f02	reword	ea235d0af87e82877e869135706981cc96570a77
dc3c8aab17091c9a0cec730e93f05b44466e4f08	reword	96d6fb21d6701bfbc539f54d9a92fec5e797681f
2e0d89548a4c42452d10e717c3c0764f21734248	fold:dc3c8aab17091c9a0cec730e93f05b44466e4f08	96d6fb21d6701bfbc539f54d9a92fec5e797681f
dbfdb6a78badaa39c6f8ee685f629e19d5757f2b	emptied	96d6fb21d6701bfbc539f54d9a92fec5e797681f
de7be4c895b37107adeb881b4e888d5ab6a1aea3	reword	70509c70670e68ca44a730e1d16b48345c294102
e8cfe5e6f6c87dd58ed6fdec3e34c298d8af850e	emptied	70509c70670e68ca44a730e1d16b48345c294102
090af25c6166cdd65d1c77c00ee5ab5eafd72489	emptied	70509c70670e68ca44a730e1d16b48345c294102
faf937f7f2e7476708bbf6cd01d709e45a533caa	emptied	70509c70670e68ca44a730e1d16b48345c294102
42d3ce138d62cbb0bd2b1adc585472fe63fc884e	emptied	70509c70670e68ca44a730e1d16b48345c294102
2e8f3d73562965ba0b8cb4010eea1e2e58639a61	reword	a7b74b8a3451dc376b13de50458838ad534a722c
63b3632bcb8565c16e0fc34df6d690dfcc3f9e08	drop	a7b74b8a3451dc376b13de50458838ad534a722c
e72d6327503a13b2abb2d1c93b7d34fd6140471b	reword	ab18061d76baa4c72310b0e163734498f785dd9d
c5884cda12e9a5236e23384ddcc2d6df3ffad47b	drop	ab18061d76baa4c72310b0e163734498f785dd9d
6d3154240534508678078bbfef9b52e477baccd9	reword	3b8f4d22aff85b1ad0eed3c8d0a65baf5076845e
dea23cc4e01b72da0767edc562249433b51c1632	emptied	3b8f4d22aff85b1ad0eed3c8d0a65baf5076845e
c49c782936c8d61dda74188da49cb6ba9043c7cf	emptied	3b8f4d22aff85b1ad0eed3c8d0a65baf5076845e
2bb280d8b13b0e4c128f8e85988023e28bcec3ac	reword	bea8cec45699874258125eedadda573279a3f2ff
49f99eca963f2d8b0421f27b56b830201142cfa8	reword	6575715d56fac407640b03706bb3a52dd5ebbc21
4c219d7725ac6819a2686b5ecba6e045bb822316	emptied	6575715d56fac407640b03706bb3a52dd5ebbc21
04289a39ea85816adbd7a1dc18647daa1b5b40e4	drop	6575715d56fac407640b03706bb3a52dd5ebbc21
7847fe9385bf7bc4be03344d6f1b689ef4c625c0	reword	c5687742841cb39dcb7b745b2c572652179898ac
ceadacacf6d0db5901c9aa5fa4fa127b7367d3cd	reword	8886c74c21789bdd37a23822c7c8cc090e093b70
114ea3922ac3b8fb93094ed84a03779b201182e4	reword	36802e3065990df4566aa50bd1d49240cfe93d04
ecd34e43b7f0d890733f695ae425e232c8d30c31	reword	ffe1f8dfdd405eb015296b19e422b245e99bbf86
3d17a32659bb1d205a096d6e2381828da1d339d6	reword	ce634f0ac6d12b2207ac907908f0ab0da4cc439b
472a7b08f487b9adb4892ef309262d9cf3c1a803	reword	7a0f035dab2671f4cf6a34f752679a2d917b9c57
fc3e57d175554e97c69300ebaefbd4ebc9bb5a97	reword	b2ff9ebc866061e1c796f3c7617e1e67f6561999
d560f9b8fcc807dd29f46f8aa91a88830bf4b4e3	reword	1e6b36b9ef0a0e2bbaa4764123ab68506b544c76
54a84bd0dcb08802f2a10ada7dd8bd0427e44285	reword	924a17da34a2bd8e82daad19837b67d103a1fb3b
85c4f29354faf5198db6a291ff201d6326616501	emptied	924a17da34a2bd8e82daad19837b67d103a1fb3b
b21cf53c84ab8a9a451ec6e7d97dcf85d81f7b32	reword	5431486182fe22b203bb438cd1ef849ee9aca819
4a9a6e12598db6ae1d8ea93b823dc77af5e4e280	reword	14bdd7f1ab4063ef6f94c122c124d9810b506fc6
d6715b8f0b99c771fb790253861de7adf0ae3790	emptied	14bdd7f1ab4063ef6f94c122c124d9810b506fc6
46b83272eabd09400139d5db4a2e80716f8528dd	reword	b46c378c23af1a83280500265935810b679bd252
045efb2e45778bda1129c34318a727f4f6c38902	reword	7513edf8bb4f09ded5a73532774d11ca08921731
4b284b4040fff4b275b3fad0d11a58c9d764cd58	reword	dd472081ddb5ba9bdeb61fedfb07c307b60dadaf
4528271fe998e9d4c88e7705cf49520158fbff5b	reword	5bd7f4b20aefe867e2d823ee806686aa9accb874
c4cff9bbeb9e72392b4f212277aa44fc8317cda7	reword	def38efdc34b4517da171ffecd020de64579cb81
affa743702818366e0dbebf13dac1fa7001d2d66	reword	eb598fbb5137fe944aad54dab65d770ff037a5c2
7ba70c996e02d9901b1050fbbe6bcd36c4153f7b	reword	18e6e06c61d4533ee665139478fed45258cf9878
7b46d3dd3b853d48123e4a527894de855d62027d	reword	18662981a638d9e9ac480f9d5a5b05e1fb76e579
868b1f5ca6521e731cea5d1f72455625e36eb4a1	emptied	18662981a638d9e9ac480f9d5a5b05e1fb76e579
25ae0d7df638ee41b38d99f3e30192338e97906a	reword	15e1377293d14ab39d30980192a7a1e76c123c80
bc9961cfc8db8114483dbb290ad49c015dd98f77	reword	dad53017b0f485f872fbe2f6afcd0d20b2ea19c8
fc65020b3eac6eba502947a9a562a6941eba15cc	reword	dc72d68a9be1d568097d7adbbb3c6f790e0f4342
0191ee66a2df7e02dab6821333d76970292a3afb	reword	bef95db11d2e0bc0a0cfa4d98e7dc69a8d6f3b3a
3cf9618bf9c8b592ac6af0d5d817cac374aa3c87	emptied	bef95db11d2e0bc0a0cfa4d98e7dc69a8d6f3b3a
d00a3c5011f7fd5044ce4dd94145c5ae50fedd69	reword	abd61fff9b5fed7dbd30f2c1808aeeba8274cdc3
ac0f4e995f6cd73aa548d91895e8605afa8396e6	reword	ff4905a75c819340076054c0583a3169cb587704
7929a361ee03ab502bbb02ac54506764a4af96e1	reword	b2a4e173dc4752480ecf15539b39dce72a8ab5c8
ea8a6a4a4dab399629a772ea0bf2fe22e344947b	emptied	b2a4e173dc4752480ecf15539b39dce72a8ab5c8
f51d0f7230b02c41f6034f0ad9da5b1a4b955293	reword	ccdb00458793fdaaf26689f0e3a7347c7ebe78cf
6bd0e916d44a3ae3cbb203b2b9e62c0801ff34f1	reword	c4d873b903b889a2e2818bec2a493c362e5ea7e3
e948d01996a84bdd87fd52b5f825c608049a0307	reword	4e19d0a5103cdcf7cb831b545e30ffbcb5d4d0fb
2e19fc5e4687633e244d07574146e66780a5f723	reword	723fa804ff57530e50ab85c3b11e3932a5b0ee81
dc89c3bf3e6cc5b4fa5a9f3cdc99d1c92986ba37	reword	cc13280dcf6eb0e02e8df88b652f592cccd5c5e9
5a5459247640d429a9eb3a233811afdbc24b14f3	reword	51cdc8a5a45ac424a38e12664c5e86fd72336808
8d3512ce6204631334b19f68b10987433699dace	reword	2b7f92c83c6e871aa45a4a076d259926d5f2e561
987c9c2841ff4c534ab6e34c8a0ce9f647a8d1a3	emptied	2b7f92c83c6e871aa45a4a076d259926d5f2e561
b275342c03f3a59f3a856df05ba798c599517dc6	reword	340450cba5fecdb23b7c00d9ef08369f02f961f2
ba7a3b180413c78ae67c4358bdc7a18bfaebf274	reword	0df8630df94c95f4d497005211fc5f03463929c2
3973b08a3b2b0a1257313e21e9d6633014fa0ced	emptied	0df8630df94c95f4d497005211fc5f03463929c2
352729e9de534ed4ea90dd40a0f2f4f8f9ad2ce8	reword	1e249e3fdffe7031053ff2f9de69447ca2abc4f6
3b225e00405d08f9d97ec25539ffda307d8aa221	emptied	1e249e3fdffe7031053ff2f9de69447ca2abc4f6
5c3c4aa79c33f3e15f3bea0b53a73bc392ab3a75	emptied	1e249e3fdffe7031053ff2f9de69447ca2abc4f6
646de5af16bffe5797b887bedfae7faeb3dfaa9c	reword	7f4123ca3442a00b97be0068fe65c09d0fd81b3a
c1b1fb6811048ad3c5ab6dcf543f7b84850e2335	emptied	7f4123ca3442a00b97be0068fe65c09d0fd81b3a
cfa66f4e40dbf28b29de345f9e96e28ba965875f	emptied	7f4123ca3442a00b97be0068fe65c09d0fd81b3a
027c02ae7e98618f269af352a85ab1730f9af7b1	reword	318b3ba8eaf6b6be2d6cf52e3c225f221e8983cb
f091952bcda1a70b41d0a25c74b67a1274bf9e7f	reword	4acbdaa9f783e2037ec2c6574832d983be2f19cc
650251bce6a83718b062f7793808bd769228a666	reword	7cdfc7feade051232210458fa1f44b6d2bb0467c
9fe7d1c15419629f2526ddbc66b5e436f39bfe05	reword	3669a505342be2a955f2dd588053e163b20bfd84
8625ec08db6834bc4eeb3f211056784006976444	reword	4804f670c0546fa3c57dbc5d5e13ab59a286aa64
f414041deb6d6d3ce7fd19a752af736f456ee81f	emptied	4804f670c0546fa3c57dbc5d5e13ab59a286aa64
65346fcb1da7afa5e50574da560fb33d666011f5	emptied	4804f670c0546fa3c57dbc5d5e13ab59a286aa64
a623ce1e7bdb3474f904dd02cc23ccda4f99c41b	reword	e90d22c771df362b365bb898d7bdf748dc3c8c90
97bbf75c882ae423cfb7b7eae1af158251c0419c	reword	2119bdc8d619ed99a65bc169ff42c4c6e68567ea
1403b6df8d52c669130f1b281a6f32d1ede4e649	reword	9c1cc0f868a62adadfe0f9a013dd6e5ae02bbb73
42574dc2cbc92b670c8bafd0456defe534d9bab2	reword	8d3f70e61ba7a7f64cd4b89edabe0f2698882f73
b9ee2cdf4ae0f1f5bd28e47226dafbd9cb40a2c1	reword	5eaaba4d5e67a07ba64b97e28ea2245625ba5e7f
ea9fc88c196fa769e6bfb2c0628423cc38e4f01e	reword	32e2a2b38204b7ccc2eea08e9dd59055fc7c4a7a
76048987e2f0f742c815ddb7555d7407642b0bd3	reword	6276c3e46d62c8b26f9f9c3d8d82e7654c2ea675
b2c8f66a215408eacc5fe79f98c936a8382cd9bb	reword	e01f934c0da4d55af64f49d9780a6dec629aa132
7a972ab9f8272c161844da58dd2c8bec8fb221fa	reword	8404634032d26f07f12c3a923c43a2400073ae4a
cd48e40ff8782ddb73d9880d39542d1afdfb20c0	reword	36f0f2f21229d7b455f8e15e74a972eaefc5150a
df0d1fd7125cc80b337380b01c9301cf0753b16f	reword	05a29816fed9e6f84cef26a5891d6f54be876d3d
340a7d9936296f66ed2dad20052b1b4f94c0e7ef	reword	f7250de13d7e962f43f28ec0f32891431311ee7e
c53f651c7b6ef98dfbe3be5c2c11b082e3100ae3	reword	bfdc30993eb19e2a29e7724e20a7145b192c29e8
e433fac0a29558595603827341786fc309290e46	emptied	bfdc30993eb19e2a29e7724e20a7145b192c29e8
8837e6489fd0062defcc9d05281bf1da16eb272f	reword	e1c23928beeab13e734c7c6babc4853c9d6cf4b7
56ba7782acfccb8a22ab77c5b65f7a943c13554b	reword	3750d4a53eb94a0878440843a950b99e1502714b
82321806f3089bfe466f1c6d3c8b03fd2007cfb3	reword	fe0b3762cc3c6560c7faee1792dbb9be86915893
f2b50f4a107d5450918babdb27306d161c24ff9a	emptied	fe0b3762cc3c6560c7faee1792dbb9be86915893
686a08537dfe7ef83584c2b129c26a22f40abff7	reword	883e5e5b7c1af0fae9c31fdd839083446542114a
202b38004bc6b12331aa7c55bb8baeb8548aa859	reword	a09423dce2317f0559e7feeb2c036ce252c8c807
e44b53951d37626870216bf6530a628421f5797b	reword	12db31912e00f4127c2b604218599636e58253df
5a3bd56f1058449957bf3c856a92a41b16072e90	reword	bda5f4d48a0abfc4bf021e3ffa3f61e1316448f7
73f9f9796ef3a1df58dc4f36045cc647e4ab2394	reword	c2d192c3719ab500ea5ed5df467bf4e6bbd7e893
e7ae5467e90f4442f81c49474e9903b2052146a5	reword	71cf4de80b7b3b30f3057326c0ccd06c33dbc432
50de9739d7f87df160773f816db7d68793eada1d	reword	fd5fc31fc37e494523cab391adbe23a4a9cbbbbe
ffd00799665adb8a836b89248d33b10864b53279	reword	29e0910b675620a09dc8ab06d9f3fd60e4ab3c61
fc0b9092d5f29f40f9eac963fda90f96aaaad1bb	reword	fc5f221619273d23059a4d4c67d6b1d282bad48d
6b53bd28f6022ac5026e2a0e47ed718ae8038428	fold:fc0b9092d5f29f40f9eac963fda90f96aaaad1bb	fc5f221619273d23059a4d4c67d6b1d282bad48d
fc4ab78fa10d44935a6573b17bf9eb8e1b5974ef	reword	9be02a6080082e5f1af76d829a54c92c6f951e3a
068ac24642c82993e78a5cd9671ba9c14e131e9d	reword	ff6a21d0959fe857733ddcc1f2171807efd36b6f
5dee90d9f39d25e9327d4b0e3f31449b1f4b29f9	reword	8bdd142829483f8611ab5734a3179fe9290e0ad6
e47e93294f942a38340b45e01a95ba6e942dedc4	reword	fafd77d0e5deb52ced0c075aa31fb252f30f0274
85322be3338b57218da3af489b55c75fc531550e	reword	1a829c5a118f33c0ea75fe4fc37b78c4186bb7ab
e6a01b0dd29d28de28189831679c5713e7a10ee6	reword	4975bc797a29bb6810a42f73081de84f4a86d4dd
b3e8419416fa2e633200a1b6abaa878b766b3d96	reword	1deafefbf707187ce80020fc4d27fc4e968dc1f3
dfa58f3a4827fd91f5679b07d629d177845edb83	reword	ba4c6b4d9e04500607cc57176652fefb8279130f
1a75ef59b0256e76800425e6d910bb571818c72a	reword	61545bac40c40c523750b47d42d0273eea3ceda0
2b89a19495b8eea67181b6e0b9bad498b50777c2	reword	011fe50304610e6ff35ec1279ab1d92d77fd4ba8
e45ee6c4bc7b438a560497074a20c081bab65b67	reword	1d58a65d4c31e6f70e1ba6b7b24d1fa92eb2c2f0
8631db6b8febe12760ee245ecf99dfa3ce0488ed	reword	83f09dbaf583acd36781f1a7e35b3fd3ab8acf96
115650df47aaf27c2af682c9241b1dee34f0ddb4	reword	96e1baab81206597f93e0c2c2d88900b778bd7e4
ff76512cf1b3d296b2f828bf4d0090ebc90e4001	emptied	96e1baab81206597f93e0c2c2d88900b778bd7e4
1868a7ba9345e143fc155da3916603327ede7c47	reword	58e658fe5098c5febe8cb9cd015813168bd7a7f5
836f8f18ddcfbfd92fc6823dd7bb29e94253dd0f	reword	bbe5e34ea27c9e60901206e60e395dbce37780fd
58a5f02655a96303325f95492db7e61a40bd0c68	reword	fe8444ec92e310bab1f23ad2e8399a4f2a847729
4943a183f050b222ca673f50cb1e50637a66118f	reword	53647a340068856bc9dd9bbca810b68c20f7ee46
500d03565d938664de5a087cf14ae101cfaf1875	reword	ee1b101bd20eb0fffdd9800fc48f5815f774898d
2cae3301daced432255549404367b7c87f3d66d5	reword	91742ccc0d9b560eda0656c464ea77c8ac768ea9
5541e8a9875572da6a0cc32fff0ac15b24acaacf	reword	db1c513bfdecdbc747a22634c88b71c7520d9304
c606762069f91229ce24a5ea9c898b6dde90d2a0	reword	777afd1ff20233f5854b2a732ba373dabe8dbae8
de6864a5cf2455c950a9fd899beb6a5903efb55f	reword	f78c76cbfa0f6bdb674c87e92e35198cc64eb50c
8b886b5534f1e83b5a7c32a1a4d636e858f4dd74	reword	5ec40abe1e1cc8553aca50e8e62dd145ad5d55f3
9f14a8f464e9d452258eb1fa20ac20b5c477ed07	reword	c1f99e89fe68a7a358f4e4b373d0956381bbba48
432494ce45e9c1a473ecabb9682bde64959b75eb	reword	2a3af96189ceee5f29df74973c3b12654f25218d
3b915ca34cd0e048cadfce5dc144b168bc975c01	reword	3306a38a5547322d1df60582695c30c1c7e24890
120b1a5260bbc0edaafffd6fff0f960b9287e653	reword	9f72fe4d7795cc618ff8649451a24c1fdd083a7f
4af0ee41d81515df4326722848c84558eb229180	reword	57007155a684fee4f8e0e57ed785199ee861a06c
34710912e0a22b01de9f623399e027a6a4e3e027	reword	b2ea231a4531cfb6aaeb95772df7f253a218c88b
ac2487bdd19e5d144a3320273ee4a106d6b765e2	reword	21f43574379556aff5034333672b5759b3e18376
a59276590533c197ceb465fd48b0129f13d0e220	reword	c440133deef97fcc0acef052f1d456e99b242dcf
86e8540099915d3b34a6e58fc7ad5a66aa27b52d	reword	a23f82d91157e79ed445ceeda446eb5a79cc07fb
8b53b3e37a7a2d2b59967bad4e54245b8f0660a5	reword	e9b6a858c712a6631a62aaed66225781c9ab4f45
ce5b957eaab9c46b7380681b0e4ac01a104a8019	reword	91e6575afb913ed8d73000fae045a0c64921378a
6c3799076cefb630954169f709639d10f69489d4	reword	5b67a035c4d522bdf3e554d0a8636ecd60ec94a5
0beffa264cd04d52d5d8bbbfac96e5703ad81739	reword	04fa8dee92f2f59634259bc7db38efc31f14664d
53fe7ebf8dcecc7785cb5b517ef09df055a13b17	reword	bc872fb2df1e97c5838384d1dfcdd9f40ea5f9ef
9008cad8975f59003de44995b066f355c7684082	emptied	bc872fb2df1e97c5838384d1dfcdd9f40ea5f9ef
fc197f7b9063c6b5eb218e4135c79f012f94a3c1	reword	5e574d930c1f886172de5cde1260c62d3c4780fb
44ee5153c87dc8456abbcfe65d949733c74823ab	reword	2e9649011187602031e803b3764114bf66a86800
5836841a28c1bf7c4db0ccf2825e6862544d9c7b	reword	2c38f4c7936ddcd67afc30dd227b2a68c1a57829
9116b0be419d45e72931938c32de8d2099ef08c7	reword	fe974358d92f2e804f2dd39da1814e90d7b0103f
660976a98194ad20e23f9eaa5a9c436eebf672d6	reword	62d475156798068e7269314a8e647816a3bba9ef
3667e128b9c4cb207d40ba059035275bc1ecc3aa	reword	45d8581baff41e22d705bac7bea086e76fd6263f
4cc9655f8eb08b4f3b87959ce0ae6f2296708e53	reword	c4fbb0f88bb37182b379915b5bb696d443b733da
e7f6c2440e0d4bd2a4e16d714234e5e9563dccb4	emptied	c4fbb0f88bb37182b379915b5bb696d443b733da
4df19beab1f0d4031faaa4b4463b35ad36413a82	reword	be7946fb24d1747857e3c15d8f27f63104542773
85249b44310eef64d86151664f9f9efc76f226f4	reword	b2529dd2bdf700d7bec86a590d40169ead29fa96
fda2eb86fb352ed8548a50789f9073b24c1d2a0b	reword	1144d54118e3aae7939153b118d2d9e1de775a53
ba03f487aa5e0f82afaa395b927d2fb83f2844db	reword	3d990873a55fee4f0cb77ccb7601236fd64b199f
0cccff1500c1d420440f31edf2b591412ab19df6	reword	298f2c364453566e5d7493ed500a023289a90ac1
ba9e26de837813a2c8996eba5395515ac3bfc58e	reword	34bd24aad480a4f4a9405b543f5de75d0e8995fc
1500888875b34b0caf5ee26f7c765e84f6408f1b	reword	f9318eb3ab407219ee61326f9aff411663d91ee3
45c3e96f6c3e0bfa24f02a05e7bff928c18f14a2	reword	1d02c8a3f6f3b86a1687acf671047d752a07e3a4
94d8f71ad314058ae1754b9fa351a0733762cf30	reword	201579b82753facb86b79eb9847dd0eb2ccc1bd2
6c49d309ba5cca9c654691c6ef5b31a546b1a5f2	reword	068d5f20a3960eb3d61b48eef1778ced77aa101d
ffc656f6ecbb9e97933a8880831d0265c6e2e191	reword	28927830a44deb665a73c40d23e3d6d46bd22e73
490a84c5c94852f197eb4d15a3feed1781400f0d	reword	66569732aebc44575ec3f0b088922ef69ee2b388
dd1794e251168b8fc795ae4079f7518f2a068383	reword	63b6370a808224894158c286e6b552628ba89188
cb33a8daab3d16c65c3fde890023f5f233349614	reword	7ebc88fd99eb215e0df6af27a35fa00e5f39d232
25d0146aef444c50d09024e232a4cbdf00404aef	reword	71889caec2af5a084cc2cf98c8ce31a7400e2eee
1fe633f68b9f7f2bcee36ece9e9d867ceb210efd	reword	22200688446adf6c19ef14f7f677fe318577ec95
f5478e6b6c04ebb744407cc781eb5a92dbe0425f	reword	9cff7cd7ea0e47e4c94925670f054d89f7e2d554
396c30a6db3977c579c125f1362f0ed2948877f2	reword	452357c7928e93a836e9b9bd2944deef9e05e07b
ff9df396e3f2c3b364cf0445465264e5f0bb750c	reword	b1ae4cb46587c8f59a27ea2cc2025c2f772bb469
4d9c058250ae764736ec89ba7748ba8c88199c1d	reword	40f8b29e3b100d47d93a110d6a8a0d21352f7345
03fd700253d79ddc96dc01ab64a179e957a7361d	reword	cec405f175f167e2a83e9ced1fab987215afb911
ed7ec6eef1ac4823daf8d610d0a91adb637a12fa	reword	bf94dd6faf3be0ce0c8f334c3baf67a87d04fcd1
681bfe5d52e076c18d65afbddce4c18167e3dec2	reword	40fc27a9133c332e75985927fc5dc304b06abb02
bf2e307636d08ba2df909c2f9485dd94db39b008	emptied	40fc27a9133c332e75985927fc5dc304b06abb02
5e6273f743358072019d01d990764cce5143ca93	emptied	40fc27a9133c332e75985927fc5dc304b06abb02
c37ef7b56c03b8b86d28d31349ca69a17e16ccfe	reword	707710520f18957ff7be0b18e2b0d9bfe8260878
8acba0360a0743f9b88b290769a3ed1113107c03	reword	8db2e1834b31002652303789570c7390e51dd29e
1bbc5d2befa330791e77cc89b65ab652f2071e2f	reword	09756df73254842864ff7bd8ecca20255078b1ce
70b8feebb8a6fd9e7e5dc2d1352f046c73bbc2bb	reword	159b53344d9470a3c420168200aa15ebdbcd188c
41f68f55297f34589e05856211f82d1ea0ac1b6d	reword	808107dc5269261e4dbe2cac97e6cda15dfa9601
2f90a2a75a4399959024bdc25002f7561336d53b	reword	619736ee964bf77662b9ef4fbb571cfc9f2784e3
